{"MSE": 75482447994.16501, "R2": 0.89143945440917}